"DESCRIPTION","DURATION IN MS","NAME","PARENT SUITE","START TIME","STATUS","STOP TIME","SUB SUITE","SUITE","TEST CLASS","TEST METHOD"
"Checks if Write for us link is present in the DOM tree on each page specified in DATA_1","0","TC 02.01.28 - Check Write for us link is present in the DOM tree on each page specified in DATA_1","tests","Tue Jan 21 01:37:53 GMT 2025","skipped","Tue Jan 21 01:37:53 GMT 2025","TestFooter","test_footer","",""
"Check 'Bras & Tanks' subsection link click in 'Women' section redirects to the Bras & Tanks-women page and         the 'Bras & Tanks' header is displayed","3011","TC 01.03.10 correctness of the ""Bras"" link of the ""Women"" section","tests","Tue Jan 21 01:42:44 GMT 2025","passed","Tue Jan 21 01:42:47 GMT 2025","TestHeader","test_header","",""
"Checks if Email field in Subscribe section is present in the DOM tree on each page specified in DATA_1","0","TC 02.01.47 - Check Email field in Subscribe section is present in the DOM tree on each page specified in DATA_1","tests","Tue Jan 21 01:38:12 GMT 2025","skipped","Tue Jan 21 01:38:12 GMT 2025","TestFooter","test_footer","",""
"Checks if Orders and Returns link is present in the DOM tree on each page specified in DATA_1","753","TC 02.01.18 - Check Orders and Returns link is present in the DOM tree on each page specified in DATA_1","tests","Tue Jan 21 01:37:39 GMT 2025","passed","Tue Jan 21 01:37:39 GMT 2025","TestFooter","test_footer","",""
"Checks if Write for us link is present in the DOM tree on each page specified in DATA_1","0","TC 02.01.28 - Check Write for us link is present in the DOM tree on each page specified in DATA_1","tests","Tue Jan 21 01:37:53 GMT 2025","skipped","Tue Jan 21 01:37:53 GMT 2025","TestFooter","test_footer","",""
"This test checks if Search Terms link is clickable on each page specified in DATA_1","709","TC 02.01.05 - Check if Search Terms link is clickable on each page specified in DATA_1","tests","Tue Jan 21 01:36:54 GMT 2025","passed","Tue Jan 21 01:36:55 GMT 2025","TestFooter","test_footer","",""
"Check the list appears with sections 'My Account', 'My Wish List', 'Sign Out' after clicking the button,        then clicking on 'My Account' redirects to the account page with the header 'My Account' displayed","8135","TC 01.01.10 functionality of the ""My account"" section in the dropdown list","tests","Tue Jan 21 01:41:55 GMT 2025","broken","Tue Jan 21 01:42:03 GMT 2025","TestHeader","test_header","",""
"Check that Contact Us link in footer is correct","0","TC 02.02.05 - Check Contact Us link in footer leads to the correct page from each page specified in DATA_1","tests","Tue Jan 21 01:38:31 GMT 2025","skipped","Tue Jan 21 01:38:31 GMT 2025","TestFooter","test_footer","",""
"Checks if Subscribe Button is visible on each page in DATA_1","0","TC 02.01.41 - Check display of Subscribe Button on each page specified in DATA_1","tests","Tue Jan 21 01:38:12 GMT 2025","skipped","Tue Jan 21 01:38:12 GMT 2025","TestFooter","test_footer","",""
"Check 'Bottoms' subsection link in 'Women' section click redirects to the Bottoms page and         the 'Bottoms' header is displayed","2277","TC 01.03.12 correctness of the ""Bottoms"" link of the ""Women"" section","tests","Tue Jan 21 01:42:51 GMT 2025","passed","Tue Jan 21 01:42:53 GMT 2025","TestHeader","test_header","",""
" Verify that First name input field highlighted when clicked","803","TC 04_01_05 Verify First name input field highlighting on click","tests","Tue Jan 21 01:35:30 GMT 2025","passed","Tue Jan 21 01:35:31 GMT 2025","TestCreateAnAccount","test_create_an_account","",""
"Check error message on attempt to reset password with empty email field","6174","TC 17.01.25 Verify error on resetting My Password with empty email","tests","Tue Jan 21 01:38:54 GMT 2025","skipped","Tue Jan 21 01:39:00 GMT 2025","TestForgotYourPasswordFunctionality","test_forgot_your_password","",""
"Checks if 'Subscribe to our mailing list' link is visible on each page specified in DATA_1","0","TC 02.01.53 - Check 'Subscribe to our mailing list' link is visible on each page specified in DATA_1","tests","Tue Jan 21 01:38:12 GMT 2025","skipped","Tue Jan 21 01:38:12 GMT 2025","TestFooter","test_footer","",""
"This test checks the color change of the add to wishlist button and add to compare button on hover","1394","test_tc_06_01_12_the_color_change_my_wish_and_add_to_compare_button[add_to_wish_list]","tests","Tue Jan 21 01:43:32 GMT 2025","passed","Tue Jan 21 01:43:33 GMT 2025","TestMainPage","test_main_page","",""
"Check 'Tops' subsection link click in 'Men' section redirects to the Tops-men page and         the 'Tops' header is displayed","2508","TC 01.03.18 correctness of the ""Tops"" link of the ""Men"" section","tests","Tue Jan 21 01:41:34 GMT 2025","passed","Tue Jan 21 01:41:37 GMT 2025","TestHeader","test_header","",""
"Checks if Footer is visible on each page specified in DATA_1","1367","TC 02.01.02 - Check Footer display on each page specified in DATA_1","tests","Tue Jan 21 01:36:37 GMT 2025","passed","Tue Jan 21 01:36:38 GMT 2025","TestFooter","test_footer","",""
"Check if Email field is appropriately labeled ","245","TC 17.01.05 Verify FYP Email field is appropriately labeled","tests","Tue Jan 21 01:38:42 GMT 2025","passed","Tue Jan 21 01:38:42 GMT 2025","TestForgotYourPassword","test_forgot_your_password","",""
"Checks if Search Terms link is visible on each page in DATA_1","1157","TC 02.01.04 - Check display of Search Terms link on each page specified in DATA_1","tests","Tue Jan 21 01:36:47 GMT 2025","passed","Tue Jan 21 01:36:48 GMT 2025","TestFooter","test_footer","",""
"Checks if Search Terms link is visible on each page in DATA_1","1048","TC 02.01.04 - Check display of Search Terms link on each page specified in DATA_1","tests","Tue Jan 21 01:36:49 GMT 2025","passed","Tue Jan 21 01:36:50 GMT 2025","TestFooter","test_footer","",""
"Checks if Copyright section is visible on each page in DATA_1","1181","TC 02.01.34 - Check display of Copyright section on each page specified in DATA_1","tests","Tue Jan 21 01:37:59 GMT 2025","passed","Tue Jan 21 01:38:00 GMT 2025","TestFooter","test_footer","",""
"Check 'Shorts' subsection link click in 'Women' section redirects to the Shorts page and         the 'Shorts' header is displayed","3055","TC 01.03.14 correctness of the ""Shorts"" link of the ""Women"" section","tests","Tue Jan 21 01:42:59 GMT 2025","passed","Tue Jan 21 01:43:02 GMT 2025","TestHeader","test_header","",""
"Check error message on attempt to reset password with empty captcha input field","0","TC 17.01.26 Verify error on resetting My Password with empty captcha","tests","Tue Jan 21 01:39:01 GMT 2025","skipped","Tue Jan 21 01:39:01 GMT 2025","TestForgotYourPasswordFunctionality","test_forgot_your_password","",""
"Checks if Copyright text is visible on each page in DATA_1","956","TC 02.01.36 - Check display of Copyright text on each page specified in DATA_1","tests","Tue Jan 21 01:38:11 GMT 2025","passed","Tue Jan 21 01:38:12 GMT 2025","TestFooter","test_footer","",""
"Checks if Copyright text is visible on each page in DATA_1","1125","TC 02.01.36 - Check display of Copyright text on each page specified in DATA_1","tests","Tue Jan 21 01:38:08 GMT 2025","passed","Tue Jan 21 01:38:09 GMT 2025","TestFooter","test_footer","",""
"Verify the link 'Sale' is visible and interactive","1535","TC 01.03.35 visible and interactive the link ""Sale""","tests","Tue Jan 21 01:39:50 GMT 2025","passed","Tue Jan 21 01:39:51 GMT 2025","TestHeader","test_header","",""
" Verify presence of Last name label and the required asterisk ","84","TC 04_01_06","tests","Tue Jan 21 01:35:33 GMT 2025","passed","Tue Jan 21 01:35:33 GMT 2025","TestCreateAnAccount","test_create_an_account","",""
"This test check the color change when hovering over the Add to Cart button","1606","TC 06.01.09 - check the color change to add to cart button","tests","Tue Jan 21 01:43:20 GMT 2025","passed","Tue Jan 21 01:43:22 GMT 2025","TestMainPage","test_main_page","",""
"Checks if text of Orders and Returns link is correct on each page in DATA_1","1147","TC 02.01.22 - Check text of Orders and Returns link on each page specified in DATA_1","tests","Tue Jan 21 01:37:50 GMT 2025","passed","Tue Jan 21 01:37:51 GMT 2025","TestFooter","test_footer","",""
" Verify presence of First name label and the required asterisk ","82","TC 04_01_03 Verify presence of First name label and the required asterisk","tests","Tue Jan 21 01:35:25 GMT 2025","passed","Tue Jan 21 01:35:25 GMT 2025","TestCreateAnAccount","test_create_an_account","",""
" Verify that Confirm Password input field highlighted when clicked","777","TC 04_01_17 Verify Confirm Password input field highlighting on click","tests","Tue Jan 21 01:36:01 GMT 2025","passed","Tue Jan 21 01:36:02 GMT 2025","TestCreateAnAccount","test_create_an_account","",""
"Checks if Orders and Returns link is visible on each page in DATA_1","1086","TC 02.01.19 - Check display of Orders and Returns link on each page specified in DATA_1","tests","Tue Jan 21 01:37:41 GMT 2025","passed","Tue Jan 21 01:37:42 GMT 2025","TestFooter","test_footer","",""
" Verify that Last name input field highlighted when label is clicked","782","TC 04_01_07 Verify Last name input field highlighting on label click","tests","Tue Jan 21 01:35:36 GMT 2025","passed","Tue Jan 21 01:35:36 GMT 2025","TestCreateAnAccount","test_create_an_account","",""
"Checks if Advanced Search link is visible on each page in DATA_1","1348","TC 02.01.14 - Check display of Advanced Search link on each page specified in DATA_1","tests","Tue Jan 21 01:37:22 GMT 2025","passed","Tue Jan 21 01:37:23 GMT 2025","TestFooter","test_footer","",""
"Verify 'Training - Video Download' link click redirected to the 'Video Download' page
            and the 'Video Download' header is displayed","2083","TC 01.03.34 correctly redirected the link ""Training Video Download""","tests","Tue Jan 21 01:39:56 GMT 2025","passed","Tue Jan 21 01:39:58 GMT 2025","TestHeader","test_header","",""
"Check that Advanced Search link in footer is correct","1607","TC 02.02.03 - Check Advanced Search link in footer leads to the correct page from each page specified in DATA_1","tests","Tue Jan 21 01:38:23 GMT 2025","passed","Tue Jan 21 01:38:24 GMT 2025","TestFooter","test_footer","",""
"Checks if Write for us link is visible on each page in DATA_1","0","TC 02.01.29 - Check display of Write for us link on each page specified in DATA_1","tests","Tue Jan 21 01:37:53 GMT 2025","skipped","Tue Jan 21 01:37:53 GMT 2025","TestFooter","test_footer","",""
"Check 'Tops' subsection link click in 'Women' section redirects to the Tops-women page and         the 'Tops' header is displayed","2326","TC 01.03.06 correctness of the ""Tops"" link of the ""Women"" section","tests","Tue Jan 21 01:42:27 GMT 2025","passed","Tue Jan 21 01:42:29 GMT 2025","TestHeader","test_header","",""
"Check that Contact Us link in footer is correct","0","TC 02.02.05 - Check Contact Us link in footer leads to the correct page from each page specified in DATA_1","tests","Tue Jan 21 01:38:31 GMT 2025","skipped","Tue Jan 21 01:38:31 GMT 2025","TestFooter","test_footer","",""
"Verify that the link 'Women' correctly opens and redirects to a new webpage, the header 'Women' is
        displayed","1870","TC 01.03.04 correct redirection of the link ""Women""","tests","Tue Jan 21 01:40:07 GMT 2025","passed","Tue Jan 21 01:40:09 GMT 2025","TestHeader","test_header","",""
"Check if the Email input field is present","40","TC 17.01.03 Verify FYP Email field is present","tests","Tue Jan 21 01:38:38 GMT 2025","passed","Tue Jan 21 01:38:38 GMT 2025","TestForgotYourPassword","test_forgot_your_password","",""
"Check Registered Customers note is present ","43","TC 17.01.02 Verify Forgot Your Password note","tests","Tue Jan 21 01:38:35 GMT 2025","passed","Tue Jan 21 01:38:35 GMT 2025","TestForgotYourPassword","test_forgot_your_password","",""
"Checks if text of placeholder in Subscribe Email Field is correct on each page in DATA_1","0","TC 02.01.51 - Check text of placeholder in Subscribe Email Field on each page specified in DATA_1","tests","Tue Jan 21 01:38:12 GMT 2025","skipped","Tue Jan 21 01:38:12 GMT 2025","TestFooter","test_footer","",""
" Verify that customer can't Create An Account with registered email before ","1883","test 04.02.08 create an account with registered email","tests","Tue Jan 21 01:36:04 GMT 2025","passed","Tue Jan 21 01:36:06 GMT 2025","TestCreateAnAccount","test_create_an_account","",""
" Verify presence of Email label and the required asterisk ","896","TC 04_01_11 Verify presence of email label and the required asterisk","tests","Tue Jan 21 01:35:44 GMT 2025","passed","Tue Jan 21 01:35:45 GMT 2025","TestCreateAnAccount","test_create_an_account","",""
" Verify presence of Password Strength hint and warning color of weak password ","418","TC 04_02_09_13 Verify presence of strong password strength hint","tests","Tue Jan 21 01:36:35 GMT 2025","passed","Tue Jan 21 01:36:36 GMT 2025","TestCreateAnAccount","test_create_an_account","",""
"Check the ""Search"" field is activated and the drop-down list appears with various product","2284","TC 01.02.02 functionality of the ""Search"" field","tests","Tue Jan 21 01:39:43 GMT 2025","passed","Tue Jan 21 01:39:45 GMT 2025","TestHeader","test_header","",""
"Check that Privacy and Cookie Policy link in footer is correct","2224","TC 02.02.02 - Check Privacy and Cookie Policy link in footer leads to the correct page from each page specified in DATA_1","tests","Tue Jan 21 01:38:13 GMT 2025","passed","Tue Jan 21 01:38:15 GMT 2025","TestFooter","test_footer","",""
"Checks if text of Advanced Search link is correct on each page in DATA_1","741","TC 02.01.17 - Check text of Advanced Search link on each page specified in DATA_1","tests","Tue Jan 21 01:37:34 GMT 2025","passed","Tue Jan 21 01:37:35 GMT 2025","TestFooter","test_footer","",""
"Check 'Shorts' subsection link in 'Men' section click redirects to the Shorts page and             the 'Shorts' header is displayed","2894","TC 01.03.26 correctness ""Shorts"" link","tests","Tue Jan 21 01:40:28 GMT 2025","passed","Tue Jan 21 01:40:30 GMT 2025","TestHeader","test_header","",""
"Checks if Subscribe Button is present in the DOM tree on each page specified in DATA_1","0","TC 02.01.40 - Check Subscribe Button is present in the DOM tree on each page specified in DATA_1","tests","Tue Jan 21 01:38:12 GMT 2025","skipped","Tue Jan 21 01:38:12 GMT 2025","TestFooter","test_footer","",""
"Checks if Subscribe section is visible on each page in DATA_1","0","TC 02.01.39 - Check display of Subscribe section on each page specified in DATA_1","tests","Tue Jan 21 01:38:12 GMT 2025","skipped","Tue Jan 21 01:38:12 GMT 2025","TestFooter","test_footer","",""
"Check that Privacy and Cookie Policy link in footer is correct","1787","TC 02.02.02 - Check Privacy and Cookie Policy link in footer leads to the correct page from each page specified in DATA_1","tests","Tue Jan 21 01:38:17 GMT 2025","passed","Tue Jan 21 01:38:18 GMT 2025","TestFooter","test_footer","",""
"Check 'Tees' subsection link click in 'Women' section redirects to the Tees-women page and         the 'Tees' header is displayed","3098","TC 01.03.09 correctness of the ""Tees"" link of the ""Women"" section","tests","Tue Jan 21 01:42:39 GMT 2025","passed","Tue Jan 21 01:42:43 GMT 2025","TestHeader","test_header","",""
" Verify that Email input field highlighted when clicked","765","TC 04_01_12 Verify Email input field highlighting on click","tests","Tue Jan 21 01:35:47 GMT 2025","passed","Tue Jan 21 01:35:48 GMT 2025","TestCreateAnAccount","test_create_an_account","",""
" Verify presence of Password Strength hint and warning color of weak password ","414","TC 04_02_09_13 Verify presence of strong password strength hint","tests","Tue Jan 21 01:36:32 GMT 2025","skipped","Tue Jan 21 01:36:33 GMT 2025","TestCreateAnAccount","test_create_an_account","",""
"Verify the link 'Gear' redirected to the page and the 'Gear' header is displayed","1985","TC 01.03.28 correctly redirected the link ""Gear""","tests","Tue Jan 21 01:40:35 GMT 2025","passed","Tue Jan 21 01:40:37 GMT 2025","TestHeader","test_header","",""
"Checks if text of Search Terms link is correct on each page in DATA_1","0","TC 02.01.07 - Check text of Search Terms link on each page specified in DATA_1","tests","Tue Jan 21 01:36:58 GMT 2025","skipped","Tue Jan 21 01:36:58 GMT 2025","TestFooter","test_footer","",""
"Checks if the footer is present in the DOM tree on each page specified in DATA_1","0","TC 02.01.01 - Check Footer is present in the DOM tree on each page specified in DATA_1","tests","Tue Jan 21 01:36:36 GMT 2025","skipped","Tue Jan 21 01:36:36 GMT 2025","TestFooter","test_footer","",""
" Verify that Sign in Information heading is present","43","TC 04_01_10 Verify Sign in Information heading","tests","Tue Jan 21 01:35:42 GMT 2025","passed","Tue Jan 21 01:35:42 GMT 2025","TestCreateAnAccount","test_create_an_account","",""
"Check that fitness_equipment is displayed and enabled","864","test_tc_11_01_04","tests","Tue Jan 21 01:39:09 GMT 2025","passed","Tue Jan 21 01:39:10 GMT 2025","TestGearPage","test_gear","",""
"Check if the displayed email matches the entered email in Email field","364","TC 17.01.07 Verify displayed email matches the entered email in FYP Email field","tests","Tue Jan 21 01:38:47 GMT 2025","passed","Tue Jan 21 01:38:47 GMT 2025","TestForgotYourPassword","test_forgot_your_password","",""
"Check that fitness_equipment link is correct","1400","test_TC_11_01_05","tests","Tue Jan 21 01:39:11 GMT 2025","passed","Tue Jan 21 01:39:13 GMT 2025","TestGearPage","test_gear","",""
"Check that watches link is correct","1389","test_TC_11_01_07","tests","Tue Jan 21 01:39:16 GMT 2025","passed","Tue Jan 21 01:39:17 GMT 2025","TestGearPage","test_gear","",""
"Check the 'Sign In' link is not displayed if the user is authorized","8516","TC 01.01.07 absence of the ""Sign In"" link display","tests","Tue Jan 21 01:41:05 GMT 2025","broken","Tue Jan 21 01:41:13 GMT 2025","TestHeader","test_header","",""
"Checks if text of Orders and Returns link is correct on each page in DATA_1","703","TC 02.01.22 - Check text of Orders and Returns link on each page specified in DATA_1","tests","Tue Jan 21 01:37:52 GMT 2025","passed","Tue Jan 21 01:37:53 GMT 2025","TestFooter","test_footer","",""
"Checks if Copyright section is present in the DOM tree on each page specified in DATA_1","687","TC 02.01.33 - Check Copyright section is present in the DOM tree on each page specified in DATA_1","tests","Tue Jan 21 01:37:57 GMT 2025","passed","Tue Jan 21 01:37:58 GMT 2025","TestFooter","test_footer","",""
" Verify that First name input field highlighted when label is clicked","836","TC 04_01_04 Verify First name input field highlighting on label click","tests","Tue Jan 21 01:35:27 GMT 2025","passed","Tue Jan 21 01:35:28 GMT 2025","TestCreateAnAccount","test_create_an_account","",""
"This test checks if Search Terms link is underlined while hovering over it","1531","TC 02.01.06 Check if Search Terms link is interactive","tests","Tue Jan 21 01:36:56 GMT 2025","passed","Tue Jan 21 01:36:58 GMT 2025","TestFooter","test_footer","",""
"Check that the captcha image is present by default","0","TC 17.01.18 Verify captcha image has alternative text","tests","Tue Jan 21 01:38:50 GMT 2025","skipped","Tue Jan 21 01:38:50 GMT 2025","TestForgotYourPassword","test_forgot_your_password","",""
"Check hovering over the shopping cart icon changes the cursor to a ""hand,"" indicating that the cart is a         clickable element, click on it and the message ""You have no items in your shopping cart."" appears","1698","TC 01.02.05 display and interactivity of the cart icon","tests","Tue Jan 21 01:39:37 GMT 2025","passed","Tue Jan 21 01:39:39 GMT 2025","TestHeader","test_header","",""
"Checks if 'Subscribe to our mailing list' link is present in the DOM tree on each page
        specified in DATA_1","0","TC 02.01.52 - Check 'Subscribe to our mailing list' link is present in the DOM tree on each page specified in DATA_1","tests","Tue Jan 21 01:38:12 GMT 2025","skipped","Tue Jan 21 01:38:12 GMT 2025","TestFooter","test_footer","",""
"Verify 'Sale' link click redirected to the page and the 'Sale' header is displayed","1828","TC 01.03.36 correctly redirected the link sale","tests","Tue Jan 21 01:39:34 GMT 2025","passed","Tue Jan 21 01:39:36 GMT 2025","TestHeader","test_header","",""
"Check 'Create an account' link click redirects to the accountâ€™s registration page and         the ""Create New Customer Account"" header is displayed","1930","TC 01.01.03 correctness of the ""Create an account"" link","tests","Tue Jan 21 01:39:22 GMT 2025","passed","Tue Jan 21 01:39:24 GMT 2025","TestHeader","test_header","",""
"Check that Orders and Returns link in footer is correct","2264","TC 02.02.04 - Check Orders and Returns link in footer leads to the correct page from each page specified in DATA_1","tests","Tue Jan 21 01:38:26 GMT 2025","passed","Tue Jan 21 01:38:28 GMT 2025","TestFooter","test_footer","",""
"Check the 'Bottoms' subsection in 'Women' section is displayed and the 'Pants' and 'Shorts'         subsections is displayed","1839","TC 01.03.11 display and interactivity of the ""Bottoms"" section of the ""Women"" section","tests","Tue Jan 21 01:42:48 GMT 2025","passed","Tue Jan 21 01:42:50 GMT 2025","TestHeader","test_header","",""
"Checks if Subscribe Email Field is visible on each page in DATA_1","0","TC 02.01.48 - Check display of Subscribe Email Field on each page specified in DATA_1","tests","Tue Jan 21 01:38:12 GMT 2025","skipped","Tue Jan 21 01:38:12 GMT 2025","TestFooter","test_footer","",""
"Check the dropdown button is displayed if the user is authorized","8322","TC 01.01.08 display of the dropdown list button ","tests","Tue Jan 21 01:41:15 GMT 2025","broken","Tue Jan 21 01:41:23 GMT 2025","TestHeader","test_header","",""
"Checks if Privacy and Cookie Policy link is visible on each page in DATA_1","1199","TC 02.01.09 - Check display of Privacy and Cookie Policy link on each page specified in DATA_1","tests","Tue Jan 21 01:37:04 GMT 2025","passed","Tue Jan 21 01:37:05 GMT 2025","TestFooter","test_footer","",""
"
        Check the captcha field is activated with a cursor and gets highlighted when clicked
        ","0","TC 17.01.12 Verify FYP captcha field highlighting on click","tests","Tue Jan 21 01:38:50 GMT 2025","skipped","Tue Jan 21 01:38:50 GMT 2025","TestForgotYourPassword","test_forgot_your_password","",""
"Check the 'Create an account' link is not displayed if the user is authorized","8334","TC 01.01.06 absence of the ""Create an account"" link display","tests","Tue Jan 21 01:40:55 GMT 2025","broken","Tue Jan 21 01:41:03 GMT 2025","TestHeader","test_header","",""
"Checks if text of Copyright section is correct on each page in DATA_1","0","TC 02.01.37 - Check text of Copyright section on each page specified in DATA_1","tests","Tue Jan 21 01:38:12 GMT 2025","skipped","Tue Jan 21 01:38:12 GMT 2025","TestFooter","test_footer","",""
" Verify that customer can't Create An Account with incorrect confirm password","673","test 04.02.07 create an account with incorrect confirm password","tests","Tue Jan 21 01:36:22 GMT 2025","passed","Tue Jan 21 01:36:22 GMT 2025","TestCreateAnAccount","test_create_an_account","",""
"Check greeting message == 'Default welcome msg!' and is visible","0","TC 01.01.01 greeting message is visible","tests","Tue Jan 21 01:39:18 GMT 2025","skipped","Tue Jan 21 01:39:18 GMT 2025","TestHeader","test_header","",""
" Verify that customer can Create An Account with correct data","0","test 04.02.01 create an account with correct data","tests","Tue Jan 21 01:36:06 GMT 2025","skipped","Tue Jan 21 01:36:06 GMT 2025","TestCreateAnAccount","test_create_an_account","",""
"Checks if placeholder in Email field is present in the DOM tree on each page specified in DATA_1","0","TC 02.01.49 - Check placeholder in Subscribe Email Field is present in the DOM tree on each page specified in DATA_1","tests","Tue Jan 21 01:38:12 GMT 2025","skipped","Tue Jan 21 01:38:12 GMT 2025","TestFooter","test_footer","",""
"Verify 'Training' link click redirected to the page and the 'Training' header is displayed","1843","TC 01.03.33 correctly redirected the link ""Training""","tests","Tue Jan 21 01:39:52 GMT 2025","passed","Tue Jan 21 01:39:54 GMT 2025","TestHeader","test_header","",""
"Checks if 'Subscribe to our mailing list' link is present in the DOM tree on each page
        specified in DATA_1","0","TC 02.01.52 - Check 'Subscribe to our mailing list' link is present in the DOM tree on each page specified in DATA_1","tests","Tue Jan 21 01:38:12 GMT 2025","skipped","Tue Jan 21 01:38:12 GMT 2025","TestFooter","test_footer","",""
"Checks if text of Write for us link is correct on each page in DATA_1","0","TC 02.01.32 - Check text of Write for us link on each page specified in DATA_1","tests","Tue Jan 21 01:37:53 GMT 2025","skipped","Tue Jan 21 01:37:53 GMT 2025","TestFooter","test_footer","",""
"Checks if placeholder in Subscribe Email Field is visible on each page in DATA_1","0","TC 02.01.50 - Check display of placeholder in Subscribe Email Field on each page specified in DATA_1","tests","Tue Jan 21 01:38:12 GMT 2025","skipped","Tue Jan 21 01:38:12 GMT 2025","TestFooter","test_footer","",""
"Check if the 'Reload captcha' button is present","0","TC 17.01.19 Verify Reset My Password button is present","tests","Tue Jan 21 01:38:50 GMT 2025","skipped","Tue Jan 21 01:38:50 GMT 2025","TestForgotYourPassword","test_forgot_your_password","",""
"Check the ""Search"" field in the header contains the placeholder 'Search entire store here...'","1334","TC 01.02.03 presence of a  placeholder in the ""Search"" field","tests","Tue Jan 21 01:39:40 GMT 2025","passed","Tue Jan 21 01:39:42 GMT 2025","TestHeader","test_header","",""
"Check that transfers between pages by clicking on links in the footer are correct","0","TC 02.03.01 - Check correct transfers by clicking on links in the footer","tests","Tue Jan 21 01:38:31 GMT 2025","skipped","Tue Jan 21 01:38:31 GMT 2025","TestFooter","test_footer","",""
" Verify presence of Password Strength hint and warning color of weak password ","300","TC 04_02_09_13 Verify presence of strong password strength hint","tests","Tue Jan 21 01:36:25 GMT 2025","passed","Tue Jan 21 01:36:25 GMT 2025","TestCreateAnAccount","test_create_an_account","",""
"Checks if Email field in Subscribe section is present in the DOM tree on each page specified in DATA_1","0","TC 02.01.47 - Check Email field in Subscribe section is present in the DOM tree on each page specified in DATA_1","tests","Tue Jan 21 01:38:12 GMT 2025","skipped","Tue Jan 21 01:38:12 GMT 2025","TestFooter","test_footer","",""
"Checks if Copyright section is visible on each page in DATA_1","854","TC 02.01.34 - Check display of Copyright section on each page specified in DATA_1","tests","Tue Jan 21 01:38:01 GMT 2025","passed","Tue Jan 21 01:38:02 GMT 2025","TestFooter","test_footer","",""
"Checks if text of Search Terms link is correct on each page in DATA_1","0","TC 02.01.07 - Check text of Search Terms link on each page specified in DATA_1","tests","Tue Jan 21 01:36:58 GMT 2025","skipped","Tue Jan 21 01:36:58 GMT 2025","TestFooter","test_footer","",""
"Checks if Subscribe section is present in the DOM tree on each page specified in DATA_1","0","TC 02.01.38 - Check Subscribe section is present in the DOM tree on each page specified in DATA_1","tests","Tue Jan 21 01:38:12 GMT 2025","skipped","Tue Jan 21 01:38:12 GMT 2025","TestFooter","test_footer","",""
"Check if all the fields are getting cleared after failed attempt to reset password with invalid captcha","0","TC 17.01.27 Verify all fields got cleared after the failed attempt to reset password","tests","Tue Jan 21 01:39:01 GMT 2025","skipped","Tue Jan 21 01:39:01 GMT 2025","TestForgotYourPasswordFunctionality","test_forgot_your_password","",""
"Checks if Subscribe section is present in the DOM tree on each page specified in DATA_1","0","TC 02.01.38 - Check Subscribe section is present in the DOM tree on each page specified in DATA_1","tests","Tue Jan 21 01:38:12 GMT 2025","skipped","Tue Jan 21 01:38:12 GMT 2025","TestFooter","test_footer","",""
"This test checks if Orders and Returns link is clickable on each page specified in DATA_1","846","TC 02.01.20 - Check if Orders and Returns link is clickable on each page specified in DATA_1","tests","Tue Jan 21 01:37:48 GMT 2025","passed","Tue Jan 21 01:37:49 GMT 2025","TestFooter","test_footer","",""
"Checks if text on Subscribe Button is visible on each page in DATA_1","0","TC 02.01.45 - Check display of text on Subscribe Button on each page specified in DATA_1","tests","Tue Jan 21 01:38:12 GMT 2025","skipped","Tue Jan 21 01:38:12 GMT 2025","TestFooter","test_footer","",""
"Checks if Privacy and Cookie Policy link is present in the DOM tree on each page specified in DATA_1","970","TC 02.01.08 - Check Privacy and Cookie Policy link is present in the DOM tree on each page specified in DATA_1","tests","Tue Jan 21 01:37:01 GMT 2025","passed","Tue Jan 21 01:37:02 GMT 2025","TestFooter","test_footer","",""
"Checks if Copyright text is present in the DOM tree on each page specified in DATA_1","1197","TC 02.01.35 - Check Copyright text is present in the DOM tree on each page specified in DATA_1","tests","Tue Jan 21 01:38:03 GMT 2025","passed","Tue Jan 21 01:38:05 GMT 2025","TestFooter","test_footer","",""
" Verify that customer can't Create An Account with empty first name","634","test 04.02.02 create an account with empty first name","tests","Tue Jan 21 01:36:08 GMT 2025","passed","Tue Jan 21 01:36:08 GMT 2025","TestCreateAnAccount","test_create_an_account","",""
"Check the ""Search"" field is activated with a vertical flashing symbol ""|"" and highlighted","1808","TC 01.02.01 display and interactivity of the ""Search"" field","tests","Tue Jan 21 01:39:46 GMT 2025","passed","Tue Jan 21 01:39:48 GMT 2025","TestHeader","test_header","",""
"Check that Advanced Search link in footer is correct","1766","TC 02.02.03 - Check Advanced Search link in footer leads to the correct page from each page specified in DATA_1","tests","Tue Jan 21 01:38:20 GMT 2025","passed","Tue Jan 21 01:38:22 GMT 2025","TestFooter","test_footer","",""
"Check 'Hoodies & Sweatshirts' subsection link click in 'Women' section redirects to the         Hoodies & Sweatshirts-women page and the 'Hoodies & Sweatshirts' header is displayed","2953","TC 01.03.08 correctness of the ""Hoodies & Sweatshirts"" link of the ""Women"" section","tests","Tue Jan 21 01:42:35 GMT 2025","passed","Tue Jan 21 01:42:38 GMT 2025","TestHeader","test_header","",""
"Verify the link 'Bags' redirected to the page and the 'Bags' header is displayed","2141","TC 01.03.29 correctly redirected the link ""Gear - Bags""","tests","Tue Jan 21 01:40:38 GMT 2025","passed","Tue Jan 21 01:40:40 GMT 2025","TestHeader","test_header","",""
"Checks if text of 'Subscribe to our mailing list' link is correct on each page in DATA_1","0","TC 02.01.56 - Check text of 'Subscribe to our mailing list' link on each page specified in DATA_1","tests","Tue Jan 21 01:38:12 GMT 2025","skipped","Tue Jan 21 01:38:12 GMT 2025","TestFooter","test_footer","",""
"Check that Search Terms link in footer is correct","0","TC 02.02.01 - Check Search Terms link in footer leads to the correct page from each page specified in DATA_1","tests","Tue Jan 21 01:38:12 GMT 2025","skipped","Tue Jan 21 01:38:12 GMT 2025","TestFooter","test_footer","",""
"This test checks that if a product has a review, then the product card has a rating","1265","test_check_card_rating","tests","Tue Jan 21 01:43:15 GMT 2025","passed","Tue Jan 21 01:43:16 GMT 2025","TestMainPage","test_main_page","",""
"Checks if text on Subscribe Button is visible on each page in DATA_1","0","TC 02.01.45 - Check display of text on Subscribe Button on each page specified in DATA_1","tests","Tue Jan 21 01:38:12 GMT 2025","skipped","Tue Jan 21 01:38:12 GMT 2025","TestFooter","test_footer","",""
"This test checks if 'Contact us' link is clickable on each page specified in DATA_1","0","TC 02.01.25 - Check if 'Contact us' link is clickable on each page specified in DATA_1","tests","Tue Jan 21 01:37:53 GMT 2025","skipped","Tue Jan 21 01:37:53 GMT 2025","TestFooter","test_footer","",""
"This test checks that the card is interactive","1501","TC 06.01.02 - verify the card is interactive on hover","tests","Tue Jan 21 01:43:03 GMT 2025","passed","Tue Jan 21 01:43:05 GMT 2025","TestMainPage","test_main_page","",""
"This test checks if 'Subscribe to our mailing list' link is clickable on each page specified in DATA_1","0","TC 02.01.54 - Check if 'Subscribe to our mailing list' link is clickable on each page specified in DATA_1","tests","Tue Jan 21 01:38:12 GMT 2025","skipped","Tue Jan 21 01:38:12 GMT 2025","TestFooter","test_footer","",""
"This test checks for the same titles after clicking on the product card and going to the product page","2056","test_check_for_duplicate_titles_after_clicking_on_the_card","tests","Tue Jan 21 01:43:09 GMT 2025","passed","Tue Jan 21 01:43:11 GMT 2025","TestMainPage","test_main_page","",""
"Check that the 'Reload captcha' button is clickable","0","TC 17.01.15 Verify Reload captcha button is clickable","tests","Tue Jan 21 01:38:50 GMT 2025","skipped","Tue Jan 21 01:38:50 GMT 2025","TestForgotYourPassword","test_forgot_your_password","",""
" Verify that checkbox is present and unchecked","0","TC 04_01_09 Verify checkbox is present and unchecked","tests","Tue Jan 21 01:35:39 GMT 2025","skipped","Tue Jan 21 01:35:39 GMT 2025","TestCreateAnAccount","test_create_an_account","",""
"Check 'Tees' subsection link click in 'Men' section redirects to the Tees-men page and         the 'Tees' header is displayed","2912","TC 01.03.21 correctness of the ""Tees"" link of the ""Men"" section","tests","Tue Jan 21 01:41:46 GMT 2025","passed","Tue Jan 21 01:41:49 GMT 2025","TestHeader","test_header","",""
"This test checks if Write for us link is clickable on each page specified in DATA_1","0","TC 02.01.30 - Check if Write for us link is clickable on each page specified in DATA_1","tests","Tue Jan 21 01:37:53 GMT 2025","skipped","Tue Jan 21 01:37:53 GMT 2025","TestFooter","test_footer","",""
"Checks if Advanced Search link is present in the DOM tree on each page specified in DATA_1","622","TC 02.01.13 - Check Advanced Search link is present in the DOM tree on each page specified in DATA_1","tests","Tue Jan 21 01:37:20 GMT 2025","passed","Tue Jan 21 01:37:20 GMT 2025","TestFooter","test_footer","",""
"Checking title of the Category section","734","test_tc_10_01_01","tests","Tue Jan 21 01:39:02 GMT 2025","passed","Tue Jan 21 01:39:03 GMT 2025","TestGearPage","test_gear","",""
"This test checks that the card has title","1563","test_verify_the_card_has_title","tests","Tue Jan 21 01:43:06 GMT 2025","passed","Tue Jan 21 01:43:08 GMT 2025","TestMainPage","test_main_page","",""
"Check the list appears with sections 'My Account', 'My Wish List', 'Sign Out' after clicking the button,        then clicking on 'My Wish List' redirects to the account page with the header 'My Wish List' displayed","8389","TC 01.01.11 functionality of the ""My Wish List"" section in the dropdown list","tests","Tue Jan 21 01:42:04 GMT 2025","broken","Tue Jan 21 01:42:13 GMT 2025","TestHeader","test_header","",""
"This test checks if Subscribe Button is clickable on each page specified in DATA_1","0","TC 02.01.42 - Check if Subscribe Button is clickable on each page specified in DATA_1","tests","Tue Jan 21 01:38:12 GMT 2025","skipped","Tue Jan 21 01:38:12 GMT 2025","TestFooter","test_footer","",""
"Check that bags link is correct","1591","test_TC_11_01_03","tests","Tue Jan 21 01:39:06 GMT 2025","passed","Tue Jan 21 01:39:08 GMT 2025","TestGearPage","test_gear","",""
"Check 'Pants' subsection link click in 'Men' section redirects to the Pants page and         the 'Pants' header is displayed","2689","TC 01.03.25 correctness of the ""Pants"" link of the ""Men"" section","tests","Tue Jan 21 01:40:23 GMT 2025","passed","Tue Jan 21 01:40:26 GMT 2025","TestHeader","test_header","",""
"This test checks the color change of the add to wishlist button and add to compare button on hover","1527","test_tc_06_01_12_the_color_change_my_wish_and_add_to_compare_button[add_to_compare]","tests","Tue Jan 21 01:43:34 GMT 2025","passed","Tue Jan 21 01:43:36 GMT 2025","TestMainPage","test_main_page","",""
"Check that the cursor changes to a 'hand' indicating the logo is a clickable element,         and that clicking on it causes the page to reload and redirect to the main page","1735","TC 01.02.04 display and interactivity of the logo","tests","Tue Jan 21 01:39:31 GMT 2025","passed","Tue Jan 21 01:39:33 GMT 2025","TestHeader","test_header","",""
"Verify the link 'Training' is visible and interactive and link 'Video Download' is visible","1411","TC_01_03_32_visible_and_interactive_the_link_""Training""","tests","Tue Jan 21 01:39:59 GMT 2025","passed","Tue Jan 21 01:40:00 GMT 2025","TestHeader","test_header","",""
" Verify presence of Password Strength hint and warning color of weak password ","438","TC 04_02_09_13 Verify presence of strong password strength hint","tests","Tue Jan 21 01:36:30 GMT 2025","passed","Tue Jan 21 01:36:30 GMT 2025","TestCreateAnAccount","test_create_an_account","",""
"Verify the link 'Gear' is visible and interactive","1668","TC 01.03.27 visible and interactive the link ""Gear""","tests","Tue Jan 21 01:40:14 GMT 2025","passed","Tue Jan 21 01:40:15 GMT 2025","TestHeader","test_header","",""
"Check 'Bottoms' subsection link in 'Men' section click redirects to the Bottoms page and         the 'Bottoms' header is displayed","2488","TC 01.03.24 correctness of the ""Bottoms"" link of the ""Men"" section","tests","Tue Jan 21 01:40:20 GMT 2025","passed","Tue Jan 21 01:40:22 GMT 2025","TestHeader","test_header","",""
"This test check the cursor change when hovering over the cart buttons","1479","test_tc_06_01_10_check_the_cursor_change_to_cart_button[add_to_card]","tests","Tue Jan 21 01:43:23 GMT 2025","passed","Tue Jan 21 01:43:25 GMT 2025","TestMainPage","test_main_page","",""
"Verify that the section Women in the header is visible and interactive","347","TC 01.03.03 display and interactivity of the ""Women"" section","tests","Tue Jan 21 01:40:05 GMT 2025","passed","Tue Jan 21 01:40:06 GMT 2025","TestHeader","test_header","",""
"The test checks if the displayed captcha matches the entered value in the captcha field","0","TC 17.01.13 Verify displayed captcha matches the entered value in FYP captcha field","tests","Tue Jan 21 01:38:50 GMT 2025","skipped","Tue Jan 21 01:38:50 GMT 2025","TestForgotYourPassword","test_forgot_your_password","",""
" Verify presence of Confirm Password label and the required asterisk ","902","TC 04_01_16 Verify presence of Confirm Password label and the required asterisk","tests","Tue Jan 21 01:35:58 GMT 2025","passed","Tue Jan 21 01:35:59 GMT 2025","TestCreateAnAccount","test_create_an_account","",""
"Check if the captcha input field is present","0","TC 17.01.09 Verify FYP captcha input field is present","tests","Tue Jan 21 01:38:50 GMT 2025","skipped","Tue Jan 21 01:38:50 GMT 2025","TestForgotYourPassword","test_forgot_your_password","",""
"Check 'Jackets' subsection link click in 'Women' section redirects to the Jackets-women page and         the 'Jackets' header is displayed","2946","TC 01.03.07 correctness of the ""Jackets"" link of the ""Women"" section","tests","Tue Jan 21 01:42:31 GMT 2025","passed","Tue Jan 21 01:42:34 GMT 2025","TestHeader","test_header","",""
"Verify the link 'Fitness Equipment' redirected to the page and the 'Fitness Equipment' header is displayed","2246","TC 01.03.30 correctly redirected the link ""Gear - Fitness Equipment""","tests","Tue Jan 21 01:40:41 GMT 2025","passed","Tue Jan 21 01:40:44 GMT 2025","TestHeader","test_header","",""
"This test checks that the card has a price and a price in USD","1236","test_check_card_price","tests","Tue Jan 21 01:43:12 GMT 2025","passed","Tue Jan 21 01:43:14 GMT 2025","TestMainPage","test_main_page","",""
"Verify the link 'What's new' redirected to the page and the 'What's new' header is displayed","1905","TC 01.03.02 correctly redirected the_link ""What is New""","tests","Tue Jan 21 01:40:10 GMT 2025","passed","Tue Jan 21 01:40:12 GMT 2025","TestHeader","test_header","",""
"Check 'Jackets' subsection link click in 'Men' section redirects to the Jackets-men page and         the 'Jackets' header is displayed","3039","TC 01.03.19 correctness of the ""Jackets"" link of the ""Men"" section","tests","Tue Jan 21 01:41:38 GMT 2025","passed","Tue Jan 21 01:41:41 GMT 2025","TestHeader","test_header","",""
"This test check the cursor change when hovering over the cart buttons","1555","test_tc_06_01_10_check_the_cursor_change_to_cart_button[add_to_compare]","tests","Tue Jan 21 01:43:29 GMT 2025","passed","Tue Jan 21 01:43:30 GMT 2025","TestMainPage","test_main_page","",""
"Check 'Create an account' link is displayed and underlined","1512","TC 01.01.02 display and interactivity of the ""Create an account"" link","tests","Tue Jan 21 01:39:19 GMT 2025","passed","Tue Jan 21 01:39:20 GMT 2025","TestHeader","test_header","",""
"Checks if text of 'Subscribe to our mailing list' link is correct on each page in DATA_1","0","TC 02.01.56 - Check text of 'Subscribe to our mailing list' link on each page specified in DATA_1","tests","Tue Jan 21 01:38:12 GMT 2025","skipped","Tue Jan 21 01:38:12 GMT 2025","TestFooter","test_footer","",""
"This test checks if Advanced Search link is clickable on each page specified in DATA_1","1222","TC 02.01.15 - Check if Advanced Search link is clickable on each page specified in DATA_1","tests","Tue Jan 21 01:37:27 GMT 2025","passed","Tue Jan 21 01:37:28 GMT 2025","TestFooter","test_footer","",""
"
        Check that the 'Reload captcha' button generates a new captcha image
        and ensure the new image source is different from the original image source
        ","0","TC 17.01.16 Verify click Reload captcha button generates a new captcha image","tests","Tue Jan 21 01:38:50 GMT 2025","skipped","Tue Jan 21 01:38:50 GMT 2025","TestForgotYourPassword","test_forgot_your_password","",""
"Check 'Pants' subsection link click in 'Women' section redirects to the Pants page and         the 'Pants' header is displayed","2706","TC 01.03.13 correctness of the ""Pants"" link of the ""Women"" section","tests","Tue Jan 21 01:42:55 GMT 2025","passed","Tue Jan 21 01:42:57 GMT 2025","TestHeader","test_header","",""
" Verify that Password input field highlighted when clicked","764","TC 04_01_14 Verify Password input field highlighting on click","tests","Tue Jan 21 01:35:53 GMT 2025","passed","Tue Jan 21 01:35:54 GMT 2025","TestCreateAnAccount","test_create_an_account","",""
"Checks if text of Advanced Search link is correct on each page in DATA_1","1186","TC 02.01.17 - Check text of Advanced Search link on each page specified in DATA_1","tests","Tue Jan 21 01:37:32 GMT 2025","passed","Tue Jan 21 01:37:33 GMT 2025","TestFooter","test_footer","",""
"Checks if Advanced Search link is present in the DOM tree on each page specified in DATA_1","1090","TC 02.01.13 - Check Advanced Search link is present in the DOM tree on each page specified in DATA_1","tests","Tue Jan 21 01:37:17 GMT 2025","passed","Tue Jan 21 01:37:19 GMT 2025","TestFooter","test_footer","",""
"Checks if placeholder in Subscribe Email Field is visible on each page in DATA_1","0","TC 02.01.50 - Check display of placeholder in Subscribe Email Field on each page specified in DATA_1","tests","Tue Jan 21 01:38:12 GMT 2025","skipped","Tue Jan 21 01:38:12 GMT 2025","TestFooter","test_footer","",""
"
        Check the Email field is activated with a cursor and gets highlighted when clicked
        ","739","TC 17.01.06 Verify FYP Email field highlighting on click","tests","Tue Jan 21 01:38:44 GMT 2025","passed","Tue Jan 21 01:38:45 GMT 2025","TestForgotYourPassword","test_forgot_your_password","",""
"Checks if Privacy and Cookie Policy link is visible on each page in DATA_1","969","TC 02.01.09 - Check display of Privacy and Cookie Policy link on each page specified in DATA_1","tests","Tue Jan 21 01:37:06 GMT 2025","passed","Tue Jan 21 01:37:07 GMT 2025","TestFooter","test_footer","",""
"Check error message on attempt to reset password with invalid captcha","0","TC 17.01.24 Verify Error on resetting My Password with invalid captcha","tests","Tue Jan 21 01:38:52 GMT 2025","skipped","Tue Jan 21 01:38:52 GMT 2025","TestForgotYourPasswordFunctionality","test_forgot_your_password","",""
"Checks if text of Privacy and Cookie Policy link matches expected on each page in DATA_1","739","TC 02.01.12 - Check text of Privacy and Cookie Policy link on each page specified in DATA_1","tests","Tue Jan 21 01:37:15 GMT 2025","passed","Tue Jan 21 01:37:16 GMT 2025","TestFooter","test_footer","",""
"Checks if Subscribe Button is present in the DOM tree on each page specified in DATA_1","0","TC 02.01.40 - Check Subscribe Button is present in the DOM tree on each page specified in DATA_1","tests","Tue Jan 21 01:38:12 GMT 2025","skipped","Tue Jan 21 01:38:12 GMT 2025","TestFooter","test_footer","",""
"Check that watches is displayed and enabled","972","test_tc_11_01_06","tests","Tue Jan 21 01:39:14 GMT 2025","passed","Tue Jan 21 01:39:15 GMT 2025","TestGearPage","test_gear","",""
" Verify that Personal Information heading is present ","47","TC 04_01_02 Verify Personal Information heading","tests","Tue Jan 21 01:35:22 GMT 2025","passed","Tue Jan 21 01:35:22 GMT 2025","TestCreateAnAccount","test_create_an_account","",""
"Checks if text on Subscribe Button is correct on each page in DATA_1","0","TC 02.01.46 - Check text on Subscribe Button on each page specified in DATA_1","tests","Tue Jan 21 01:38:12 GMT 2025","skipped","Tue Jan 21 01:38:12 GMT 2025","TestFooter","test_footer","",""
"Check 'Sign In' link is displayed and underlined","1519","TC 01.01.04 display and interactivity of the ""Sign In"" link","tests","Tue Jan 21 01:39:25 GMT 2025","passed","Tue Jan 21 01:39:26 GMT 2025","TestHeader","test_header","",""
"Check that Write for us link in footer is correct","0","TC 02.02.06 - Check Write for us link in footer leads to the correct page from each page specified in DATA_1","tests","Tue Jan 21 01:38:31 GMT 2025","skipped","Tue Jan 21 01:38:31 GMT 2025","TestFooter","test_footer","",""
"Check the 'Tops' & 'Bottoms' subsections in 'Men' section is displayed","1609","TC 01.03.15 display and interactivity of the ""Men"" section","tests","Tue Jan 21 01:40:32 GMT 2025","passed","Tue Jan 21 01:40:33 GMT 2025","TestHeader","test_header","",""
"Checks if text of 'Contact us' link is correct on each page in DATA_1","0","TC 02.01.27 - Check text of 'Contact us' link on each page specified in DATA_1","tests","Tue Jan 21 01:37:53 GMT 2025","skipped","Tue Jan 21 01:37:53 GMT 2025","TestFooter","test_footer","",""
"Check if the Email input is of correct format (input-text) and clickable","104","TC 17.01.04 Verify FYP Email field is correct format and clickable","tests","Tue Jan 21 01:38:40 GMT 2025","passed","Tue Jan 21 01:38:40 GMT 2025","TestForgotYourPassword","test_forgot_your_password","",""
"Check that Bags is displayed and enabled","914","test_tc_11_01_02","tests","Tue Jan 21 01:39:04 GMT 2025","passed","Tue Jan 21 01:39:05 GMT 2025","TestGearPage","test_gear","",""
"Check the 'Men' section click redirects to the Men page and the 'Men' header is displayed","1978","TC 01.03.16 correctness of the ""Men"" section link","tests","Tue Jan 21 01:40:49 GMT 2025","passed","Tue Jan 21 01:40:51 GMT 2025","TestHeader","test_header","",""
"This test checks if Orders and Returns link is clickable on each page specified in DATA_1","1177","TC 02.01.20 - Check if Orders and Returns link is clickable on each page specified in DATA_1","tests","Tue Jan 21 01:37:45 GMT 2025","passed","Tue Jan 21 01:37:46 GMT 2025","TestFooter","test_footer","",""
"Check that the 'Reset My Password' button is clickable","37","TC 17.01.20 Verify Reset My Password button is clickable","tests","Tue Jan 21 01:38:52 GMT 2025","passed","Tue Jan 21 01:38:52 GMT 2025","TestForgotYourPassword","test_forgot_your_password","",""
"Check the list appears with sections 'My Account', 'My Wish List', 'Sign Out' after clicking the button,        then clicking on 'Sign Out' redirects to the account page with the header 'You are signed out' displayed         and redirected to the Main Page after 5 seconds","8203","TC 01.01.12 functionality of the ""Sign In"" section in the dropdown list","tests","Tue Jan 21 01:42:14 GMT 2025","broken","Tue Jan 21 01:42:23 GMT 2025","TestHeader","test_header","",""
" Verify that Last name input field highlighted when clicked","797","TC 04_01_08 Verify Last name input field highlighting on click","tests","Tue Jan 21 01:35:39 GMT 2025","passed","Tue Jan 21 01:35:39 GMT 2025","TestCreateAnAccount","test_create_an_account","",""
"Checks if Subscribe Email Field is visible on each page in DATA_1","0","TC 02.01.48 - Check display of Subscribe Email Field on each page specified in DATA_1","tests","Tue Jan 21 01:38:12 GMT 2025","skipped","Tue Jan 21 01:38:12 GMT 2025","TestFooter","test_footer","",""
"Checks if 'Contact us' link is visible on each page in DATA_1","0","TC 02.01.24 - Check display of 'Contact us' link on each page specified in DATA_1","tests","Tue Jan 21 01:37:53 GMT 2025","skipped","Tue Jan 21 01:37:53 GMT 2025","TestFooter","test_footer","",""
"Check 'Hoodies & Sweatshirts' subsection link click in 'Men' section redirects to the         Hoodies & Sweatshirts-men page and the 'Hoodies & Sweatshirts' header is displayed","2825","TC 01.03.20 correctness of the ""Hoodies & Sweatshirts"" link of the ""Men"" section","tests","Tue Jan 21 01:41:42 GMT 2025","passed","Tue Jan 21 01:41:45 GMT 2025","TestHeader","test_header","",""
"Checks if Orders and Returns link is visible on each page in DATA_1","723","TC 02.01.19 - Check display of Orders and Returns link on each page specified in DATA_1","tests","Tue Jan 21 01:37:43 GMT 2025","passed","Tue Jan 21 01:37:44 GMT 2025","TestFooter","test_footer","",""
"Checks if the Search Terms link is present in the DOM tree on each page specified in DATA_1","976","TC 02.01.03 - Check Search Terms link is present in the DOM tree on each page specified in DATA_1","tests","Tue Jan 21 01:36:44 GMT 2025","passed","Tue Jan 21 01:36:45 GMT 2025","TestFooter","test_footer","",""
" Verify presence of Password Strength note ","49","TC 04_01_15 Verify presence of password strength hint","tests","Tue Jan 21 01:35:56 GMT 2025","passed","Tue Jan 21 01:35:56 GMT 2025","TestCreateAnAccount","test_create_an_account","",""
"Check error message for incorrect email format in email field","382","TC 17.01.08 Verify Email field for correct email format","tests","Tue Jan 21 01:38:49 GMT 2025","passed","Tue Jan 21 01:38:50 GMT 2025","TestForgotYourPassword","test_forgot_your_password","",""
" Verify that customer can't Create An Account with empty password","627","test 04.02.05 create an account with empty password","tests","Tue Jan 21 01:36:16 GMT 2025","passed","Tue Jan 21 01:36:17 GMT 2025","TestCreateAnAccount","test_create_an_account","",""
"Checks if 'Contact us' link is present in the DOM tree on each page specified in DATA_1","0","TC 02.01.23 - Check 'Contact us' link is present in the DOM tree on each page specified in DATA_1","tests","Tue Jan 21 01:37:53 GMT 2025","skipped","Tue Jan 21 01:37:53 GMT 2025","TestFooter","test_footer","",""
"Checks if Footer is visible on each page specified in DATA_1","879","TC 02.01.02 - Check Footer display on each page specified in DATA_1","tests","Tue Jan 21 01:36:40 GMT 2025","passed","Tue Jan 21 01:36:41 GMT 2025","TestFooter","test_footer","",""
" Verify that customer can't Create An Account with empty last name","460","test 04.02.03 create an account with empty last name","tests","Tue Jan 21 01:36:11 GMT 2025","passed","Tue Jan 21 01:36:11 GMT 2025","TestCreateAnAccount","test_create_an_account","",""
"Check the 'Tops' subsection in 'Men' section is displayed and the 'Jackets', 'Shorts',         'Hoodies & Sweatshirts', 'Tees' and 'Tanks' subsections is displayed","1817","TC 01.03.17 display and interactivity of the ""Tops"" section of the ""Men"" section","tests","Tue Jan 21 01:40:52 GMT 2025","passed","Tue Jan 21 01:40:54 GMT 2025","TestHeader","test_header","",""
"Checks if placeholder in Email field is present in the DOM tree on each page specified in DATA_1","0","TC 02.01.49 - Check placeholder in Subscribe Email Field is present in the DOM tree on each page specified in DATA_1","tests","Tue Jan 21 01:38:12 GMT 2025","skipped","Tue Jan 21 01:38:12 GMT 2025","TestFooter","test_footer","",""
"Checks if the Search Terms link is present in the DOM tree on each page specified in DATA_1","1229","TC 02.01.03 - Check Search Terms link is present in the DOM tree on each page specified in DATA_1","tests","Tue Jan 21 01:36:42 GMT 2025","passed","Tue Jan 21 01:36:43 GMT 2025","TestFooter","test_footer","",""
" Verify that customer can't Create An Account with empty confirm password","635","test 04.02.06 create an account with empty confirm password","tests","Tue Jan 21 01:36:19 GMT 2025","passed","Tue Jan 21 01:36:20 GMT 2025","TestCreateAnAccount","test_create_an_account","",""
" Verify that the Create An Account page heading is present. ","163","TC 04_01_01 Verify Create An Account Page h1 Header","tests","Tue Jan 21 01:35:20 GMT 2025","passed","Tue Jan 21 01:35:20 GMT 2025","TestCreateAnAccount","test_create_an_account","",""
"Checks if text of Write for us link is correct on each page in DATA_1","0","TC 02.01.32 - Check text of Write for us link on each page specified in DATA_1","tests","Tue Jan 21 01:37:53 GMT 2025","skipped","Tue Jan 21 01:37:53 GMT 2025","TestFooter","test_footer","",""
"Checks if 'Contact us' link is visible on each page in DATA_1","0","TC 02.01.24 - Check display of 'Contact us' link on each page specified in DATA_1","tests","Tue Jan 21 01:37:53 GMT 2025","skipped","Tue Jan 21 01:37:53 GMT 2025","TestFooter","test_footer","",""
"Checks if Privacy and Cookie Policy link is present in the DOM tree on each page specified in DATA_1","1073","TC 02.01.08 - Check Privacy and Cookie Policy link is present in the DOM tree on each page specified in DATA_1","tests","Tue Jan 21 01:36:59 GMT 2025","passed","Tue Jan 21 01:37:00 GMT 2025","TestFooter","test_footer","",""
"This test checks if Privacy and Cookie Policy link is clickable on each page specified in DATA_1","727","TC 02.01.10 - Check if Privacy and Cookie Policy link is clickable on each page specified in DATA_1","tests","Tue Jan 21 01:37:11 GMT 2025","passed","Tue Jan 21 01:37:12 GMT 2025","TestFooter","test_footer","",""
"This test checks if Advanced Search link is clickable on each page specified in DATA_1","1024","TC 02.01.15 - Check if Advanced Search link is clickable on each page specified in DATA_1","tests","Tue Jan 21 01:37:29 GMT 2025","passed","Tue Jan 21 01:37:30 GMT 2025","TestFooter","test_footer","",""
"Checks if text on Subscribe Button is present in the DOM tree on each page specified in DATA_1","0","TC 02.01.44 - Check text on Subscribe Button is present in the DOM tree on each page specified in DATA_1","tests","Tue Jan 21 01:38:12 GMT 2025","skipped","Tue Jan 21 01:38:12 GMT 2025","TestFooter","test_footer","",""
"Checks if text on Subscribe Button is present in the DOM tree on each page specified in DATA_1","0","TC 02.01.44 - Check text on Subscribe Button is present in the DOM tree on each page specified in DATA_1","tests","Tue Jan 21 01:38:12 GMT 2025","skipped","Tue Jan 21 01:38:12 GMT 2025","TestFooter","test_footer","",""
"Check the 'Tops' subsection in 'Women' section is displayed and the 'Jackets', 'Shorts',         'Hoodies & Sweatshirts', 'Tees' and 'Bras & Tanks' subsections is displayed","1895","TC 01.03.05 display and interactivity of the ""Tops"" section of the ""Women"" section","tests","Tue Jan 21 01:42:24 GMT 2025","passed","Tue Jan 21 01:42:26 GMT 2025","TestHeader","test_header","",""
"Checks if text of 'Contact us' link is correct on each page in DATA_1","0","TC 02.01.27 - Check text of 'Contact us' link on each page specified in DATA_1","tests","Tue Jan 21 01:37:53 GMT 2025","skipped","Tue Jan 21 01:37:53 GMT 2025","TestFooter","test_footer","",""
" Verify presence of Password Strength hint and warning color of weak password ","439","TC 04_02_09_13 Verify presence of strong password strength hint","tests","Tue Jan 21 01:36:27 GMT 2025","passed","Tue Jan 21 01:36:28 GMT 2025","TestCreateAnAccount","test_create_an_account","",""
"Check if the captcha input is of correct format (input-text) and clickable","0","TC 17.01.10 Verify FYP captcha input field is correct format and clickable","tests","Tue Jan 21 01:38:50 GMT 2025","skipped","Tue Jan 21 01:38:50 GMT 2025","TestForgotYourPassword","test_forgot_your_password","",""
"Verify the link 'What's new' is visible and interactive","1514","TC 01.03.01 visible and interactive the link ""What is New""","tests","Tue Jan 21 01:40:02 GMT 2025","passed","Tue Jan 21 01:40:03 GMT 2025","TestHeader","test_header","",""
"This test checks if 'Contact us' link is clickable on each page specified in DATA_1","0","TC 02.01.25 - Check if 'Contact us' link is clickable on each page specified in DATA_1","tests","Tue Jan 21 01:37:53 GMT 2025","skipped","Tue Jan 21 01:37:53 GMT 2025","TestFooter","test_footer","",""
"Check that the captcha image is present by default","0","TC 17.01.17 Verify captcha image is present by default","tests","Tue Jan 21 01:38:50 GMT 2025","skipped","Tue Jan 21 01:38:50 GMT 2025","TestForgotYourPassword","test_forgot_your_password","",""
"Checks if 'Contact us' link is present in the DOM tree on each page specified in DATA_1","0","TC 02.01.23 - Check 'Contact us' link is present in the DOM tree on each page specified in DATA_1","tests","Tue Jan 21 01:37:53 GMT 2025","skipped","Tue Jan 21 01:37:53 GMT 2025","TestFooter","test_footer","",""
"Check that 'Subscribe to our mailing list' link in footer is correct","0","TC 02.02.07 - Check 'Subscribe to our mailing list' link in footer leads to the correct page from each page specified in DATA_1","tests","Tue Jan 21 01:38:31 GMT 2025","skipped","Tue Jan 21 01:38:31 GMT 2025","TestFooter","test_footer","",""
"This test checks if Subscribe Button is clickable on each page specified in DATA_1","0","TC 02.01.42 - Check if Subscribe Button is clickable on each page specified in DATA_1","tests","Tue Jan 21 01:38:12 GMT 2025","skipped","Tue Jan 21 01:38:12 GMT 2025","TestFooter","test_footer","",""
"Checks if text of Privacy and Cookie Policy link matches expected on each page in DATA_1","1124","TC 02.01.12 - Check text of Privacy and Cookie Policy link on each page specified in DATA_1","tests","Tue Jan 21 01:37:13 GMT 2025","passed","Tue Jan 21 01:37:14 GMT 2025","TestFooter","test_footer","",""
"Check 'Sign In' link click redirects to the login page and the ""Customer Login"" header is displayed","1958","TC 01.01.05 correctness of the ""Sign In"" link","tests","Tue Jan 21 01:39:28 GMT 2025","passed","Tue Jan 21 01:39:30 GMT 2025","TestHeader","test_header","",""
"Checks if the footer is present in the DOM tree on each page specified in DATA_1","0","TC 02.01.01 - Check Footer is present in the DOM tree on each page specified in DATA_1","tests","Tue Jan 21 01:36:36 GMT 2025","skipped","Tue Jan 21 01:36:36 GMT 2025","TestFooter","test_footer","",""
"Checks if Copyright section is present in the DOM tree on each page specified in DATA_1","1084","TC 02.01.33 - Check Copyright section is present in the DOM tree on each page specified in DATA_1","tests","Tue Jan 21 01:37:54 GMT 2025","passed","Tue Jan 21 01:37:56 GMT 2025","TestFooter","test_footer","",""
"Check that Write for us link in footer is correct","0","TC 02.02.06 - Check Write for us link in footer leads to the correct page from each page specified in DATA_1","tests","Tue Jan 21 01:38:31 GMT 2025","skipped","Tue Jan 21 01:38:31 GMT 2025","TestFooter","test_footer","",""
"Checks if Write for us link is visible on each page in DATA_1","0","TC 02.01.29 - Check display of Write for us link on each page specified in DATA_1","tests","Tue Jan 21 01:37:53 GMT 2025","skipped","Tue Jan 21 01:37:53 GMT 2025","TestFooter","test_footer","",""
"Checks if Advanced Search link is visible on each page in DATA_1","807","TC 02.01.14 - Check display of Advanced Search link on each page specified in DATA_1","tests","Tue Jan 21 01:37:25 GMT 2025","passed","Tue Jan 21 01:37:25 GMT 2025","TestFooter","test_footer","",""
"Checks if Subscribe Button is visible on each page in DATA_1","0","TC 02.01.41 - Check display of Subscribe Button on each page specified in DATA_1","tests","Tue Jan 21 01:38:12 GMT 2025","skipped","Tue Jan 21 01:38:12 GMT 2025","TestFooter","test_footer","",""
" Verify that customer can't Create An Account with empty e-mail","621","test 04.02.04 create an account with empty e-mail","tests","Tue Jan 21 01:36:14 GMT 2025","passed","Tue Jan 21 01:36:14 GMT 2025","TestCreateAnAccount","test_create_an_account","",""
"Checks if Orders and Returns link is present in the DOM tree on each page specified in DATA_1","1217","TC 02.01.18 - Check Orders and Returns link is present in the DOM tree on each page specified in DATA_1","tests","Tue Jan 21 01:37:36 GMT 2025","passed","Tue Jan 21 01:37:37 GMT 2025","TestFooter","test_footer","",""
"Checks if text of placeholder in Subscribe Email Field is correct on each page in DATA_1","0","TC 02.01.51 - Check text of placeholder in Subscribe Email Field on each page specified in DATA_1","tests","Tue Jan 21 01:38:12 GMT 2025","skipped","Tue Jan 21 01:38:12 GMT 2025","TestFooter","test_footer","",""
"Check that Orders and Returns link in footer is correct","1561","TC 02.02.04 - Check Orders and Returns link in footer leads to the correct page from each page specified in DATA_1","tests","Tue Jan 21 01:38:29 GMT 2025","passed","Tue Jan 21 01:38:31 GMT 2025","TestFooter","test_footer","",""
"Checks if text on Subscribe Button is correct on each page in DATA_1","0","TC 02.01.46 - Check text on Subscribe Button on each page specified in DATA_1","tests","Tue Jan 21 01:38:12 GMT 2025","skipped","Tue Jan 21 01:38:12 GMT 2025","TestFooter","test_footer","",""
"Check Login Page Heading is present ","46","TC 17.01.01 Verify Forgot Your Password Page h1 Header","tests","Tue Jan 21 01:38:33 GMT 2025","passed","Tue Jan 21 01:38:33 GMT 2025","TestForgotYourPassword","test_forgot_your_password","",""
"Check that 'Subscribe to our mailing list' link in footer is correct","0","TC 02.02.07 - Check 'Subscribe to our mailing list' link in footer leads to the correct page from each page specified in DATA_1","tests","Tue Jan 21 01:38:31 GMT 2025","skipped","Tue Jan 21 01:38:31 GMT 2025","TestFooter","test_footer","",""
"This test checks if Search Terms link is clickable on each page specified in DATA_1","1208","TC 02.01.05 - Check if Search Terms link is clickable on each page specified in DATA_1","tests","Tue Jan 21 01:36:52 GMT 2025","passed","Tue Jan 21 01:36:53 GMT 2025","TestFooter","test_footer","",""
"Verify the link 'Fitness Equipment' redirected to the page and the 'Fitness Equipment' header is displayed","2159","TC 01.03.31 correctly redirected the link ""Gear - Watches""","tests","Tue Jan 21 01:40:45 GMT 2025","passed","Tue Jan 21 01:40:47 GMT 2025","TestHeader","test_header","",""
"This test checks if Write for us link is clickable on each page specified in DATA_1","0","TC 02.01.30 - Check if Write for us link is clickable on each page specified in DATA_1","tests","Tue Jan 21 01:37:53 GMT 2025","skipped","Tue Jan 21 01:37:53 GMT 2025","TestFooter","test_footer","",""
"Checks if Subscribe section is visible on each page in DATA_1","0","TC 02.01.39 - Check display of Subscribe section on each page specified in DATA_1","tests","Tue Jan 21 01:38:12 GMT 2025","skipped","Tue Jan 21 01:38:12 GMT 2025","TestFooter","test_footer","",""
"This test checks if Privacy and Cookie Policy link is clickable on each page specified in DATA_1","1122","TC 02.01.10 - Check if Privacy and Cookie Policy link is clickable on each page specified in DATA_1","tests","Tue Jan 21 01:37:08 GMT 2025","passed","Tue Jan 21 01:37:10 GMT 2025","TestFooter","test_footer","",""
"This test checks that button Add to Cart is visible on the product card when hover by product","1448","test_tc_06_01_08_check_btn_add_to_cart_is_visible","tests","Tue Jan 21 01:43:18 GMT 2025","passed","Tue Jan 21 01:43:19 GMT 2025","TestMainPage","test_main_page","",""
"Check that Search Terms link in footer is correct","0","TC 02.02.01 - Check Search Terms link in footer leads to the correct page from each page specified in DATA_1","tests","Tue Jan 21 01:38:12 GMT 2025","skipped","Tue Jan 21 01:38:12 GMT 2025","TestFooter","test_footer","",""
"Check the display of the dropdown list after clicking the button if the user is authorized","8076","TC 01.01.09 functionality of the dropdown list button","tests","Tue Jan 21 01:41:25 GMT 2025","broken","Tue Jan 21 01:41:33 GMT 2025","TestHeader","test_header","",""
"
            This test will check that the add to wishlist and add to compare buttons are visible on the screen
            ","1619","Check the display of the add to wish and add to compare buttons","tests","Tue Jan 21 01:43:37 GMT 2025","passed","Tue Jan 21 01:43:39 GMT 2025","TestMainPage","test_main_page","",""
"Check if Email field is appropriately labeled ","0","TC 17.01.11 Verify FYP captcha input field is appropriately labeled","tests","Tue Jan 21 01:38:50 GMT 2025","skipped","Tue Jan 21 01:38:50 GMT 2025","TestForgotYourPassword","test_forgot_your_password","",""
"Checks if Copyright text is present in the DOM tree on each page specified in DATA_1","1185","TC 02.01.35 - Check Copyright text is present in the DOM tree on each page specified in DATA_1","tests","Tue Jan 21 01:38:06 GMT 2025","passed","Tue Jan 21 01:38:07 GMT 2025","TestFooter","test_footer","",""
"This test check the cursor change when hovering over the cart buttons","1490","test_tc_06_01_10_check_the_cursor_change_to_cart_button[add_to_wish_list]","tests","Tue Jan 21 01:43:26 GMT 2025","passed","Tue Jan 21 01:43:27 GMT 2025","TestMainPage","test_main_page","",""
"Checks if 'Subscribe to our mailing list' link is visible on each page specified in DATA_1","0","TC 02.01.53 - Check 'Subscribe to our mailing list' link is visible on each page specified in DATA_1","tests","Tue Jan 21 01:38:12 GMT 2025","skipped","Tue Jan 21 01:38:12 GMT 2025","TestFooter","test_footer","",""
"Check 'Tanks' subsection link click in 'Men' section redirects to the Tanks-men page and         the 'Tanks' header is displayed","2917","TC 01.03.22 correctness of the ""Tanks"" link of the ""Men"" section","tests","Tue Jan 21 01:41:51 GMT 2025","passed","Tue Jan 21 01:41:54 GMT 2025","TestHeader","test_header","",""
"Checks if text of Copyright section is correct on each page in DATA_1","0","TC 02.01.37 - Check text of Copyright section on each page specified in DATA_1","tests","Tue Jan 21 01:38:12 GMT 2025","skipped","Tue Jan 21 01:38:12 GMT 2025","TestFooter","test_footer","",""
"This test checks if 'Subscribe to our mailing list' link is clickable on each page specified in DATA_1","0","TC 02.01.54 - Check if 'Subscribe to our mailing list' link is clickable on each page specified in DATA_1","tests","Tue Jan 21 01:38:12 GMT 2025","skipped","Tue Jan 21 01:38:12 GMT 2025","TestFooter","test_footer","",""
" Verify presence of Password label and the required asterisk ","771","TC 04_01_13 Verify presence of Password label and the required asterisk","tests","Tue Jan 21 01:35:50 GMT 2025","passed","Tue Jan 21 01:35:51 GMT 2025","TestCreateAnAccount","test_create_an_account","",""
"Check the 'Bottoms' subsection in 'Men' section is displayed and the 'Pants' and 'Shorts'         subsections is displayed","1833","TC 01.03.23 display and interactivity of the ""Bottoms"" section of the ""Men"" section","tests","Tue Jan 21 01:40:17 GMT 2025","passed","Tue Jan 21 01:40:18 GMT 2025","TestHeader","test_header","",""
"Check if the 'Reload captcha' button is present","0","TC 17.01.14 Verify Reload captcha button is present","tests","Tue Jan 21 01:38:50 GMT 2025","skipped","Tue Jan 21 01:38:50 GMT 2025","TestForgotYourPassword","test_forgot_your_password","",""
